type_id,type_name,group_id,group_name,category_id,category_name,market_group_id,volume,packaged_volume,portion_size,is_published,created_at,updated_at
34,Tritanium,18,Mineral,4,Material,1857,0.0100,0.0100,1,true,2026-01-01T00:00:00Z,2026-01-01T00:00:00Z
35,Pyerite,18,Mineral,4,Material,1857,0.0100,0.0100,1,true,2026-01-01T00:00:00Z,2026-01-01T00:00:00Z
36,Mexallon,18,Mineral,4,Material,1857,0.0100,0.0100,1,true,2026-01-01T00:00:00Z,2026-01-01T00:00:00Z
37,Isogen,18,Mineral,4,Material,1857,0.0100,0.0100,1,true,2026-01-01T00:00:00Z,2026-01-01T00:00:00Z
38,Nocxium,18,Mineral,4,Material,1857,0.0100,0.0100,1,true,2026-01-01T00:00:00Z,2026-01-01T00:00:00Z
39,Zydrine,18,Mineral,4,Material,1857,0.0100,0.0100,1,true,2026-01-01T00:00:00Z,2026-01-01T00:00:00Z
40,Megacyte,18,Mineral,4,Material,1857,0.0100,0.0100,1,true,2026-01-01T00:00:00Z,2026-01-01T00:00:00Z
11399,Morphite,18,Mineral,4,Material,1857,0.0100,0.0100,1,true,2026-01-01T00:00:00Z,2026-01-01T00:00:00Z
29668,PLEX,1136,Pilot License,4,Material,1922,0.0100,0.0100,1,true,2026-01-01T00:00:00Z,2026-01-01T00:00:00Z
621,Caracal,26,Cruiser,6,Ship,391,95000.0000,10000.0000,1,true,2026-01-01T00:00:00Z,2026-01-01T00:00:00Z
587,Rifter,25,Frigate,6,Ship,389,18500.0000,2500.0000,1,true,2026-01-01T00:00:00Z,2026-01-01T00:00:00Z
24698,Drake,419,Battlecruiser,6,Ship,395,247000.0000,15000.0000,1,true,2026-01-01T00:00:00Z,2026-01-01T00:00:00Z
16240,Catalyst,420,Destroyer,6,Ship,393,50000.0000,5000.0000,1,true,2026-01-01T00:00:00Z,2026-01-01T00:00:00Z
